idx,GroupCount,Percent,actual_story
9,4,100,story_18/moral
9,9,81.8181818181818,story_6/old_approach_avoid
9,4,80,story_21/old_approach_avoid
9,6,75,story_1/old_approach_avoid
9,9,75,story_3/old_approach_avoid
9,10,66.6666666666667,story_12/old_approach_avoid
9,6,66.6666666666667,story_16/old_approach_avoid
9,9,64.2857142857143,story_10/old_approach_avoid
9,11,61.1111111111111,story_5/old_approach_avoid
9,14,58.3333333333333,story_13/approach_avoid
9,23,57.5,story_3/moral
9,370,57.2755417956656,story_cost/old_approach_avoid
9,4,57.1428571428571,story_18/old_approach_avoid
9,22,53.6585365853659,story_8/social
9,19,51.3513513513514,story_14/approach_avoid
2,24,51.063829787234,story_15/approach_avoid
9,4,50,story_10/probability
4,2,50,story_10/super
9,6,50,story_11/approach_avoid
2,4,50,story_11/moral
7,4,50,story_12/probability
1,1,50,story_13/old_approach_avoid
9,1,50,story_13/old_approach_avoid
9,8,50,story_19/probability
9,12,50,story_4/moral
9,12,50,story_4/social
9,6,50,story_8/moral
4,3,50,story_8/old_approach_avoid
9,33,48.5294117647059,story_14/moral
9,31,48.4375,story_17/social
9,19,47.5,story_1/probability
9,17,47.2222222222222,story_11/social
9,17,47.2222222222222,story_5/probability
9,32,47.0588235294118,story_20/social
2,15,46.875,story_4/approach_avoid
9,39,46.4285714285714,story_8/super
9,13,46.4285714285714,story_9/moral
9,42,45.6521739130435,story_9/super
9,5,45.4545454545455,story_9/old_approach_avoid
9,32,44.4444444444444,story_3/social
9,16,44.4444444444444,story_7/moral
9,14,43.75,story_10/social
9,7,43.75,story_27/moral
9,28,43.75,story_8/approach_avoid
9,26,43.3333333333333,story_21/probability
9,3,42.8571428571429,story_17/old_approach_avoid
15,3,42.8571428571429,story_17/old_approach_avoid
1,6,42.8571428571429,story_19/old_approach_avoid
9,3,42.8571428571429,story_2/old_approach_avoid
9,3,42.8571428571429,story_20/old_approach_avoid
9,24,42.8571428571429,story_21/approach_avoid
9,29,42.6470588235294,story_23/social
7,39,42.3913043478261,story_7/super
9,25,42.3728813559322,story_20/approach_avoid
9,52,41.9354838709677,story_16/approach_avoid
2,20,41.6666666666667,story_12/moral
9,15,41.6666666666667,story_22/probability
9,33,41.25,story_24/social
9,23,41.0714285714286,story_28/moral
9,31,40.7894736842105,story_13/social
9,13,40.625,story_16/probability
9,13,40.625,story_20/moral
9,17,40.4761904761905,story_24/moral
9,29,40.2777777777778,story_3/probability
9,29,40.2777777777778,story_5/social
9,37,40.2173913043478,story_2/super
4,2,40,story_14/old_approach_avoid
9,2,40,story_14/old_approach_avoid
9,16,40,story_15/probability
9,4,40,story_22/old_approach_avoid
1,2,40,story_23/old_approach_avoid
9,24,40,story_6/approach_avoid
9,4,40,story_7/old_approach_avoid
2,27,39.7058823529412,story_20/probability
9,21,39.622641509434,story_18/social
7,33,39.2857142857143,story_6/super
2,25,39.0625,story_17/approach_avoid
9,14,38.8888888888889,story_17/probability
9,17,38.6363636363636,story_25/moral
9,46,38.3333333333333,story_10/approach_avoid
2,53,37.8571428571429,story_1/approach_avoid
2,12,37.5,story_1/moral
9,3,37.5,story_11/moral
3,3,37.5,story_11/probability
9,3,37.5,story_11/probability
9,3,37.5,story_12/probability
9,24,37.5,story_13/probability
9,3,37.5,story_16/moral
4,6,37.5,story_18/probability
2,45,37.5,story_22/approach_avoid
9,15,37.5,story_24/probability
9,12,37.5,story_6/social
9,23,37.0967741935484,story_19/social
9,28,36.8421052631579,story_5/super
9,25,36.7647058823529,story_9/probability
9,19,36.5384615384615,story_29/moral
4,4,36.3636363636364,story_24/old_approach_avoid
9,26,36.1111111111111,story_10/moral
9,13,36.1111111111111,story_22/social
9,23,35.9375,story_2/probability
9,23,35.9375,story_7/social
9,33,35.8695652173913,story_7/super
9,43,35.8333333333333,story_9/approach_avoid
9,5,35.7142857142857,story_19/old_approach_avoid
9,30,35.7142857142857,story_4/super
9,22,35.4838709677419,story_23/approach_avoid
9,31,35.2272727272727,story_1/super
9,41,34.453781512605,story_5/approach_avoid
2,11,34.375,story_10/social
2,11,34.375,story_23/probability
9,11,34.375,story_5/moral
2,23,34.3283582089552,story_2/approach_avoid
9,15,34.0909090909091,story_15/moral
2,30,34.0909090909091,story_3/super
9,49,34.0277777777778,story_12/approach_avoid
7,4,33.3333333333333,story_1/social
2,48,33.3333333333333,story_12/approach_avoid
9,12,33.3333333333333,story_12/social
2,1,33.3333333333333,story_15/old_approach_avoid
4,1,33.3333333333333,story_15/old_approach_avoid
9,1,33.3333333333333,story_15/old_approach_avoid
2,51,33.3333333333333,story_24/approach_avoid
9,32,33.3333333333333,story_3/approach_avoid
2,4,33.3333333333333,story_6/probability
2,4,33.3333333333333,story_8/moral
3,2,33.3333333333333,story_8/old_approach_avoid
2,25,32.8947368421053,story_5/super
9,22,32.8358208955224,story_2/approach_avoid
9,39,32.7731092436975,story_19/approach_avoid
2,13,32.5,story_7/probability
9,39,32.2314049586777,story_7/approach_avoid
9,18,32.1428571428571,story_26/moral
7,9,32.1428571428571,story_6/moral
2,38,31.6666666666667,story_9/approach_avoid
9,10,31.25,story_13/moral
9,20,31.25,story_17/approach_avoid
9,5,31.25,story_18/probability
9,5,31.25,story_23/moral
9,21,30.8823529411765,story_2/social
9,47,30.718954248366,story_24/approach_avoid
9,27,30.6818181818182,story_3/super
2,11,30.5555555555556,story_14/probability
4,11,30.5555555555556,story_22/social
9,11,30.5555555555556,story_4/probability
9,42,30,story_1/approach_avoid
4,12,30,story_1/probability
4,3,30,story_22/old_approach_avoid
1,3,30,story_7/old_approach_avoid
2,6,30,story_9/social
1,12,29.2682926829268,story_8/social
4,7,29.1666666666667,story_14/social
9,7,29.1666666666667,story_14/social
2,7,29.1666666666667,story_4/social
9,31,28.9719626168224,story_18/approach_avoid
4,2,28.5714285714286,story_2/old_approach_avoid
9,34,28.3333333333333,story_22/approach_avoid
4,9,28.125,story_13/moral
2,34,28.099173553719,story_7/approach_avoid
9,10,27.7777777777778,story_14/probability
4,5,27.7777777777778,story_5/old_approach_avoid
9,10,27.7777777777778,story_8/probability
2,21,27.6315789473684,story_13/social
2,33,27.5,story_10/approach_avoid
4,11,27.5,story_15/probability
9,11,27.5,story_7/probability
4,12,27.2727272727273,story_15/moral
9,3,27.2727272727273,story_24/old_approach_avoid
4,3,27.2727272727273,story_9/old_approach_avoid
2,16,27.1186440677966,story_20/approach_avoid
2,32,26.890756302521,story_19/approach_avoid
2,4,26.6666666666667,story_15/social
9,4,26.6666666666667,story_15/social
15,4,26.6666666666667,story_15/social
2,17,26.5625,story_7/social
9,18,26.4705882352941,story_20/probability
2,18,26.4705882352941,story_9/probability
2,31,26.0504201680672,story_5/approach_avoid
2,16,25.8064516129032,story_23/approach_avoid
9,12,25.531914893617,story_15/approach_avoid
2,27,25.2336448598131,story_18/approach_avoid
15,3,25,story_1/social
7,22,25,story_1/super
2,2,25,story_10/probability
1,1,25,story_10/super
2,1,25,story_10/super
14,2,25,story_16/moral
2,2,25,story_16/social
3,2,25,story_16/social
9,2,25,story_16/social
15,2,25,story_16/social
2,4,25,story_18/probability
2,17,25,story_2/social
2,14,25,story_21/approach_avoid
2,4,25,story_23/moral
9,8,25,story_23/probability
4,4,25,story_27/moral
2,13,25,story_29/moral
4,9,25,story_4/probability
2,8,25,story_5/moral
4,18,25,story_5/social
1,3,25,story_6/probability
4,3,25,story_6/probability
9,21,25,story_6/super
2,9,25,story_8/probability
7,10,23.8095238095238,story_24/moral
4,17,23.6111111111111,story_3/probability
2,16,23.5294117647059,story_20/social
2,15,23.4375,story_2/probability
2,15,23.4375,story_8/approach_avoid
4,13,23.2142857142857,story_26/moral
9,11,22.9166666666667,story_12/moral
4,9,22.5,story_7/probability
2,8,22.2222222222222,story_12/social
4,2,22.2222222222222,story_16/old_approach_avoid
4,8,22.2222222222222,story_17/probability
2,8,22.2222222222222,story_22/probability
4,8,22.2222222222222,story_8/probability
2,7,21.875,story_13/moral
2,7,21.875,story_16/probability
4,14,21.875,story_2/probability
2,21,21.875,story_3/approach_avoid
3,7,21.875,story_4/approach_avoid
2,7,21.875,story_6/social
4,7,21.875,story_6/social
4,14,21.875,story_8/approach_avoid
1,3,21.4285714285714,story_10/old_approach_avoid
2,6,21.4285714285714,story_2/moral
7,6,21.4285714285714,story_2/moral
9,6,21.4285714285714,story_2/moral
4,9,21.4285714285714,story_24/moral
2,12,21.4285714285714,story_26/moral
7,18,21.4285714285714,story_4/super
2,6,21.4285714285714,story_6/moral
9,6,21.4285714285714,story_6/moral
2,26,20.9677419354839,story_16/approach_avoid
4,10,20.8333333333333,story_12/moral
4,11,20.7547169811321,story_18/social
2,9,20.4545454545455,story_15/moral
4,9,20.4545454545455,story_25/moral
4,3,20,story_12/old_approach_avoid
1,1,20,story_14/old_approach_avoid
4,1,20,story_21/old_approach_avoid
4,4,20,story_21/social
7,4,20,story_21/social
9,4,20,story_21/social
15,2,20,story_22/old_approach_avoid
2,1,20,story_23/old_approach_avoid
4,1,20,story_23/old_approach_avoid
9,1,20,story_23/old_approach_avoid
2,8,20,story_24/probability
4,4,20,story_9/social
7,4,20,story_9/social
2,18,19.5652173913043,story_2/super
4,7,19.4444444444444,story_11/social
4,7,19.4444444444444,story_12/social
2,7,19.4444444444444,story_17/probability
4,7,19.4444444444444,story_5/probability
7,7,19.4444444444444,story_7/moral
2,13,19.1176470588235,story_23/social
2,7,18.9189189189189,story_14/approach_avoid
4,7,18.9189189189189,story_14/approach_avoid
9,6,18.75,story_1/moral
4,12,18.75,story_13/probability
2,3,18.75,story_19/probability
3,3,18.75,story_19/probability
4,6,18.75,story_23/probability
1,3,18.75,story_27/moral
3,2,18.1818181818182,story_24/old_approach_avoid
4,2,18.1818181818182,story_6/old_approach_avoid
2,2,18.1818181818182,story_9/old_approach_avoid
7,13,18.0555555555556,story_10/moral
4,5,17.8571428571429,story_2/moral
2,10,17.8571428571429,story_28/moral
2,11,17.741935483871,story_19/social
4,14,17.5,story_24/social
7,7,17.5,story_3/moral
7,16,17.3913043478261,story_2/super
7,16,17.3913043478261,story_9/super
2,11,17.1875,story_13/probability
4,11,17.1875,story_7/social
4,26,16.9934640522876,story_24/approach_avoid
4,10,16.9491525423729,story_20/approach_avoid
4,20,16.8067226890756,story_19/approach_avoid
2,2,16.6666666666667,story_1/social
4,2,16.6666666666667,story_1/social
4,2,16.6666666666667,story_11/approach_avoid
7,2,16.6666666666667,story_11/approach_avoid
2,4,16.6666666666667,story_13/approach_avoid
4,4,16.6666666666667,story_13/approach_avoid
1,6,16.6666666666667,story_14/probability
2,4,16.6666666666667,story_14/social
1,6,16.6666666666667,story_17/probability
4,10,16.6666666666667,story_21/probability
2,6,16.6666666666667,story_22/social
1,2,16.6666666666667,story_3/old_approach_avoid
2,4,16.6666666666667,story_4/moral
15,6,16.6666666666667,story_4/probability
2,6,16.6666666666667,story_5/probability
4,10,16.6666666666667,story_6/approach_avoid
9,1,16.6666666666667,story_8/old_approach_avoid
3,6,16.6666666666667,story_8/probability
2,14,16.6666666666667,story_8/super
4,106,16.4086687306502,story_cost/old_approach_avoid
2,11,16.1764705882353,story_14/moral
4,11,16.1764705882353,story_14/moral
4,20,16.1290322580645,story_16/approach_avoid
4,10,16.1290322580645,story_23/approach_avoid
4,9,16.0714285714286,story_28/moral
4,14,15.9090909090909,story_3/super
1,102,15.7894736842105,story_cost/old_approach_avoid
2,10,15.625,story_17/social
4,10,15.625,story_17/social
4,5,15.625,story_20/moral
9,5,15.625,story_4/approach_avoid
4,5,15.625,story_5/moral
7,5,15.625,story_5/moral
4,11,15.2777777777778,story_10/moral
2,11,15.2777777777778,story_3/probability
2,11,15.2777777777778,story_3/social
4,18,15.1260504201681,story_5/approach_avoid
2,6,15,story_15/probability
2,9,15,story_21/probability
2,3,15,story_21/social
3,3,15,story_21/social
4,6,15,story_24/probability
9,3,15,story_9/social
15,13,14.7727272727273,story_1/super
4,10,14.7058823529412,story_2/social
4,10,14.7058823529412,story_20/probability
4,10,14.7058823529412,story_9/probability
4,9,14.5161290322581,story_19/social
4,11,14.4736842105263,story_13/social
4,2,14.2857142857143,story_10/old_approach_avoid
3,1,14.2857142857143,story_17/old_approach_avoid
2,1,14.2857142857143,story_18/old_approach_avoid
3,1,14.2857142857143,story_18/old_approach_avoid
4,1,14.2857142857143,story_18/old_approach_avoid
2,2,14.2857142857143,story_19/old_approach_avoid
1,1,14.2857142857143,story_2/old_approach_avoid
2,1,14.2857142857143,story_2/old_approach_avoid
1,1,14.2857142857143,story_20/old_approach_avoid
3,1,14.2857142857143,story_20/old_approach_avoid
4,1,14.2857142857143,story_20/old_approach_avoid
11,1,14.2857142857143,story_20/old_approach_avoid
2,12,14.2857142857143,story_4/super
2,4,14.2857142857143,story_9/moral
1,9,14.0625,story_13/probability
3,15,14.018691588785,story_18/approach_avoid
2,5,13.8888888888889,story_11/social
4,20,13.8888888888889,story_12/approach_avoid
4,5,13.8888888888889,story_14/probability
4,5,13.8888888888889,story_22/probability
4,10,13.8888888888889,story_3/social
3,6,13.6363636363636,story_25/moral
4,19,13.5714285714286,story_1/approach_avoid
4,2,13.3333333333333,story_15/social
1,8,13.3333333333333,story_21/probability
2,8,13.3333333333333,story_6/approach_avoid
4,16,13.3333333333333,story_9/approach_avoid
4,9,13.2352941176471,story_20/social
7,9,13.2352941176471,story_23/social
15,11,13.0952380952381,story_4/super
15,11,13.0952380952381,story_6/super
3,11,13.0952380952381,story_8/super
4,14,13.0841121495327,story_18/approach_avoid
3,8,12.9032258064516,story_23/approach_avoid
3,4,12.5,story_1/moral
4,4,12.5,story_1/moral
15,4,12.5,story_1/moral
2,1,12.5,story_1/old_approach_avoid
4,1,12.5,story_1/old_approach_avoid
4,15,12.5,story_10/approach_avoid
2,9,12.5,story_10/moral
3,1,12.5,story_10/probability
7,1,12.5,story_10/probability
4,4,12.5,story_10/social
12,1,12.5,story_11/moral
1,1,12.5,story_11/probability
15,1,12.5,story_11/probability
1,1,12.5,story_12/probability
1,4,12.5,story_13/moral
1,3,12.5,story_14/social
2,1,12.5,story_16/moral
3,1,12.5,story_16/moral
4,1,12.5,story_16/moral
1,4,12.5,story_16/probability
1,4,12.5,story_20/moral
2,4,12.5,story_20/moral
3,2,12.5,story_23/moral
4,2,12.5,story_23/moral
7,2,12.5,story_23/moral
2,10,12.5,story_24/social
7,10,12.5,story_24/social
4,3,12.5,story_4/moral
2,5,12.1951219512195,story_8/social
3,14,11.5702479338843,story_7/approach_avoid
4,6,11.5384615384615,story_29/moral
2,6,11.3207547169811,story_18/social
15,8,11.1111111111111,story_10/moral
1,4,11.1111111111111,story_11/social
15,1,11.1111111111111,story_16/old_approach_avoid
3,4,11.1111111111111,story_4/probability
2,2,11.1111111111111,story_5/old_approach_avoid
3,4,11.1111111111111,story_5/probability
2,8,11.1111111111111,story_5/social
4,4,11.1111111111111,story_7/moral
4,7,10.9375,story_17/approach_avoid
2,10,10.8695652173913,story_9/super
1,3,10.7142857142857,story_6/moral
2,9,10.7142857142857,story_6/super
4,3,10.7142857142857,story_9/moral
3,5,10.6382978723404,story_15/approach_avoid
3,7,10.4477611940299,story_2/approach_avoid
4,10,10.4166666666667,story_3/approach_avoid
1,7,10.2941176470588,story_2/social
4,9,10.2272727272727,story_1/super
2,4,10,story_1/probability
1,1,10,story_22/old_approach_avoid
2,1,10,story_7/old_approach_avoid
4,1,10,story_7/old_approach_avoid
11,1,10,story_7/old_approach_avoid
4,9,9.78260869565217,story_9/super
15,9,9.78260869565217,story_9/super
3,7,9.72222222222222,story_3/social
7,7,9.72222222222222,story_3/social
15,6,9.67741935483871,story_19/social
1,5,9.61538461538461,story_29/moral
15,5,9.61538461538461,story_29/moral
2,4,9.52380952380952,story_24/moral
4,8,9.52380952380952,story_8/super
3,5,9.43396226415094,story_18/social
3,3,9.375,story_16/probability
4,3,9.375,story_16/probability
3,3,9.375,story_20/moral
7,3,9.375,story_23/probability
3,9,9.375,story_3/approach_avoid
3,11,9.2436974789916,story_19/approach_avoid
4,7,9.21052631578947,story_5/super
7,7,9.21052631578947,story_5/super
3,11,9.16666666666667,story_22/approach_avoid
1,1,9.09090909090909,story_24/old_approach_avoid
2,1,9.09090909090909,story_24/old_approach_avoid
4,11,9.09090909090909,story_7/approach_avoid
15,1,9.09090909090909,story_9/old_approach_avoid
4,6,8.95522388059701,story_2/approach_avoid
1,5,8.92857142857143,story_21/approach_avoid
4,5,8.92857142857143,story_21/approach_avoid
1,5,8.92857142857143,story_26/moral
3,6,8.82352941176471,story_14/moral
7,6,8.82352941176471,story_2/social
1,6,8.82352941176471,story_20/probability
3,6,8.82352941176471,story_20/social
4,6,8.82352941176471,story_23/social
7,10,8.40336134453782,story_5/approach_avoid
3,1,8.33333333333333,story_1/social
3,1,8.33333333333333,story_11/approach_avoid
12,1,8.33333333333333,story_11/approach_avoid
1,4,8.33333333333333,story_12/moral
1,3,8.33333333333333,story_12/social
15,2,8.33333333333333,story_14/social
4,10,8.33333333333333,story_22/approach_avoid
1,8,8.33333333333333,story_3/approach_avoid
15,8,8.33333333333333,story_3/approach_avoid
4,1,8.33333333333333,story_3/old_approach_avoid
7,2,8.33333333333333,story_4/moral
3,2,8.33333333333333,story_4/social
3,5,8.33333333333333,story_6/approach_avoid
7,5,8.33333333333333,story_6/approach_avoid
3,1,8.33333333333333,story_6/probability
9,1,8.33333333333333,story_6/probability
2,3,8.33333333333333,story_7/moral
4,1,8.33333333333333,story_8/moral
7,1,8.33333333333333,story_8/moral
15,10,8.26446280991735,story_7/approach_avoid
3,3,8.10810810810811,story_14/approach_avoid
1,5,8.06451612903226,story_19/social
15,11,7.85714285714286,story_1/approach_avoid
3,5,7.8125,story_13/probability
3,5,7.8125,story_17/social
3,5,7.8125,story_7/social
3,7,7.60869565217391,story_2/super
15,7,7.60869565217391,story_7/super
15,9,7.56302521008403,story_5/approach_avoid
3,9,7.5,story_10/approach_avoid
1,3,7.5,story_15/probability
15,3,7.5,story_15/probability
7,9,7.5,story_22/approach_avoid
3,3,7.5,story_24/probability
7,3,7.5,story_24/probability
15,3,7.5,story_24/probability
1,6,7.5,story_24/social
1,3,7.5,story_3/moral
2,3,7.5,story_3/moral
3,3,7.5,story_7/probability
15,5,7.35294117647059,story_9/probability
11,1,7.14285714285714,story_19/old_approach_avoid
3,2,7.14285714285714,story_2/moral
15,2,7.14285714285714,story_2/moral
11,4,7.14285714285714,story_28/moral
15,4,7.14285714285714,story_28/moral
4,6,7.14285714285714,story_4/super
4,2,7.14285714285714,story_6/moral
15,2,7.14285714285714,story_6/moral
4,6,7.14285714285714,story_6/super
7,6,7.14285714285714,story_8/super
1,2,7.14285714285714,story_9/moral
3,2,7.14285714285714,story_9/moral
15,2,7.14285714285714,story_9/moral
1,5,6.94444444444444,story_3/probability
1,5,6.94444444444444,story_5/social
7,5,6.94444444444444,story_5/social
1,3,6.81818181818182,story_15/moral
3,3,6.81818181818182,story_15/moral
1,3,6.81818181818182,story_25/moral
2,3,6.81818181818182,story_25/moral
7,3,6.81818181818182,story_25/moral
3,6,6.81818181818182,story_3/super
3,1,6.66666666666667,story_12/old_approach_avoid
15,1,6.66666666666667,story_12/old_approach_avoid
7,1,6.66666666666667,story_15/social
1,4,6.66666666666667,story_6/approach_avoid
3,8,6.66666666666667,story_9/approach_avoid
1,8,6.61157024793388,story_7/approach_avoid
1,5,6.57894736842105,story_13/social
3,5,6.57894736842105,story_13/social
15,5,6.57894736842105,story_5/super
1,7,6.54205607476636,story_18/approach_avoid
15,6,6.52173913043478,story_2/super
4,6,6.52173913043478,story_7/super
3,4,6.45161290322581,story_19/social
4,3,6.38297872340426,story_15/approach_avoid
7,2,6.25,story_1/moral
3,2,6.25,story_10/social
1,9,6.25,story_12/approach_avoid
3,3,6.25,story_12/moral
1,1,6.25,story_18/probability
1,1,6.25,story_19/probability
15,1,6.25,story_19/probability
1,4,6.25,story_2/probability
7,4,6.25,story_2/probability
15,2,6.25,story_20/moral
1,1,6.25,story_23/moral
1,2,6.25,story_23/probability
2,1,6.25,story_27/moral
7,1,6.25,story_27/moral
4,2,6.25,story_4/approach_avoid
3,2,6.25,story_5/moral
1,2,6.25,story_6/social
11,2,6.25,story_6/social
1,4,6.25,story_7/social
3,4,6.25,story_8/approach_avoid
1,4,5.97014925373134,story_2/approach_avoid
7,4,5.97014925373134,story_2/approach_avoid
15,4,5.88235294117647,story_23/social
3,7,5.88235294117647,story_5/approach_avoid
1,7,5.83333333333333,story_9/approach_avoid
3,3,5.76923076923077,story_29/moral
3,8,5.71428571428571,story_1/approach_avoid
2,5,5.68181818181818,story_1/super
15,5,5.68181818181818,story_3/super
1,3,5.66037735849057,story_18/social
7,3,5.66037735849057,story_18/social
15,3,5.66037735849057,story_18/social
1,7,5.64516129032258,story_16/approach_avoid
3,2,5.55555555555556,story_11/social
3,2,5.55555555555556,story_12/social
7,2,5.55555555555556,story_14/probability
1,2,5.55555555555556,story_22/probability
7,2,5.55555555555556,story_22/probability
11,2,5.55555555555556,story_22/probability
3,2,5.55555555555556,story_22/social
7,2,5.55555555555556,story_22/social
11,2,5.55555555555556,story_22/social
1,2,5.55555555555556,story_4/probability
2,2,5.55555555555556,story_4/probability
1,2,5.55555555555556,story_7/moral
3,2,5.55555555555556,story_7/moral
4,5,5.43478260869565,story_2/super
2,5,5.43478260869565,story_7/super
3,3,5.35714285714286,story_21/approach_avoid
11,3,5.35714285714286,story_26/moral
1,3,5.35714285714286,story_28/moral
3,8,5.22875816993464,story_24/approach_avoid
7,5,5.20833333333333,story_3/approach_avoid
1,3,5.08474576271186,story_20/approach_avoid
1,6,5.04201680672269,story_19/approach_avoid
1,2,5,story_1/probability
11,2,5,story_1/probability
15,6,5,story_10/approach_avoid
14,3,5,story_21/probability
1,1,5,story_21/social
15,1,5,story_21/social
1,2,5,story_24/probability
11,3,5,story_6/approach_avoid
1,2,5,story_7/probability
7,2,5,story_7/probability
1,1,5,story_9/social
11,1,5,story_9/social
15,1,5,story_9/social
2,32,4.95356037151703,story_cost/old_approach_avoid
7,7,4.86111111111111,story_12/approach_avoid
3,6,4.83870967741935,story_16/approach_avoid
7,6,4.83870967741935,story_16/approach_avoid
7,3,4.83870967741935,story_19/social
1,3,4.83870967741935,story_23/approach_avoid
15,3,4.83870967741935,story_23/approach_avoid
3,4,4.76190476190476,story_4/super
3,3,4.6875,story_17/approach_avoid
15,3,4.6875,story_17/approach_avoid
7,3,4.6875,story_17/social
15,5,4.67289719626168,story_18/approach_avoid
7,7,4.57516339869281,story_24/approach_avoid
15,7,4.57516339869281,story_24/approach_avoid
3,4,4.54545454545455,story_1/super
15,3,4.41176470588235,story_14/moral
1,3,4.41176470588235,story_20/social
3,3,4.41176470588235,story_23/social
3,3,4.41176470588235,story_9/probability
7,3,4.41176470588235,story_9/probability
11,3,4.41176470588235,story_9/probability
1,2,4.25531914893617,story_15/approach_avoid
3,1,4.16666666666667,story_13/approach_avoid
7,1,4.16666666666667,story_13/approach_avoid
11,1,4.16666666666667,story_14/social
15,5,4.16666666666667,story_22/approach_avoid
15,3,4.16666666666667,story_3/probability
3,1,4.16666666666667,story_4/moral
11,1,4.16666666666667,story_4/moral
15,1,4.16666666666667,story_4/moral
4,1,4.16666666666667,story_4/social
8,1,4.16666666666667,story_4/social
15,1,4.16666666666667,story_4/social
11,3,4.16666666666667,story_5/social
15,3,4.16666666666667,story_5/social
15,5,4.03225806451613,story_16/approach_avoid
11,3,3.94736842105263,story_13/social
3,3,3.94736842105263,story_5/super
1,6,3.92156862745098,story_24/approach_avoid
7,4,3.73831775700935,story_18/approach_avoid
11,4,3.73831775700935,story_18/approach_avoid
1,1,3.57142857142857,story_2/moral
7,2,3.57142857142857,story_21/approach_avoid
11,2,3.57142857142857,story_21/approach_avoid
3,2,3.57142857142857,story_26/moral
7,2,3.57142857142857,story_28/moral
15,3,3.57142857142857,story_8/super
7,1,3.57142857142857,story_9/moral
11,1,3.57142857142857,story_9/moral
15,5,3.47222222222222,story_12/approach_avoid
7,3,3.40909090909091,story_3/super
3,2,3.38983050847458,story_20/approach_avoid
1,4,3.33333333333333,story_10/approach_avoid
3,2,3.33333333333333,story_21/probability
3,3,3.26086956521739,story_9/super
1,1,3.125,story_10/social
3,1,3.125,story_13/moral
7,1,3.125,story_13/moral
7,1,3.125,story_16/probability
11,1,3.125,story_16/probability
1,2,3.125,story_17/approach_avoid
7,2,3.125,story_17/approach_avoid
11,2,3.125,story_17/approach_avoid
1,2,3.125,story_17/social
11,2,3.125,story_17/social
15,2,3.125,story_2/probability
7,1,3.125,story_20/moral
12,1,3.125,story_23/probability
15,1,3.125,story_23/probability
1,1,3.125,story_4/approach_avoid
11,1,3.125,story_4/approach_avoid
15,1,3.125,story_4/approach_avoid
15,1,3.125,story_5/moral
3,1,3.125,story_6/social
15,1,3.125,story_6/social
11,2,3.125,story_7/social
1,2,2.94117647058824,story_14/moral
11,2,2.94117647058824,story_14/moral
3,2,2.94117647058824,story_2/social
15,2,2.94117647058824,story_2/social
11,2,2.94117647058824,story_20/probability
15,2,2.94117647058824,story_20/probability
1,2,2.94117647058824,story_23/social
11,2,2.94117647058824,story_23/social
3,19,2.94117647058824,story_cost/old_approach_avoid
7,4,2.85714285714286,story_1/approach_avoid
1,2,2.77777777777778,story_10/moral
3,2,2.77777777777778,story_10/moral
11,1,2.77777777777778,story_11/social
3,4,2.77777777777778,story_12/approach_avoid
5,1,2.77777777777778,story_12/social
7,1,2.77777777777778,story_12/social
11,1,2.77777777777778,story_12/social
15,1,2.77777777777778,story_12/social
3,1,2.77777777777778,story_14/probability
15,1,2.77777777777778,story_14/probability
14,1,2.77777777777778,story_17/probability
14,1,2.77777777777778,story_22/probability
15,1,2.77777777777778,story_22/probability
3,2,2.77777777777778,story_3/probability
7,2,2.77777777777778,story_3/probability
11,2,2.77777777777778,story_3/probability
1,2,2.77777777777778,story_3/social
11,2,2.77777777777778,story_3/social
7,1,2.77777777777778,story_4/probability
8,1,2.77777777777778,story_4/probability
5,1,2.77777777777778,story_5/probability
11,1,2.77777777777778,story_5/probability
11,1,2.77777777777778,story_7/moral
15,1,2.77777777777778,story_7/moral
1,1,2.77777777777778,story_8/probability
11,1,2.77777777777778,story_8/probability
15,1,2.77777777777778,story_8/probability
1,1,2.7027027027027,story_14/approach_avoid
7,3,2.52100840336134,story_19/approach_avoid
11,3,2.52100840336134,story_19/approach_avoid
15,1,2.5,story_1/probability
7,1,2.5,story_15/probability
3,2,2.5,story_24/social
15,2,2.5,story_24/social
3,1,2.5,story_3/moral
4,1,2.5,story_3/moral
8,1,2.5,story_3/moral
14,1,2.5,story_3/moral
7,3,2.5,story_9/approach_avoid
15,3,2.5,story_9/approach_avoid
4,1,2.4390243902439,story_8/social
11,1,2.4390243902439,story_8/social
3,1,2.38095238095238,story_24/moral
15,1,2.38095238095238,story_24/moral
1,2,2.38095238095238,story_4/super
3,2,2.38095238095238,story_6/super
11,2,2.27272727272727,story_1/super
11,1,2.27272727272727,story_15/moral
15,1,2.27272727272727,story_15/moral
10,1,2.27272727272727,story_25/moral
11,1,2.27272727272727,story_25/moral
15,1,2.27272727272727,story_25/moral
1,2,2.27272727272727,story_3/super
11,2,2.17391304347826,story_2/super
11,2,2.17391304347826,story_7/super
11,2,2.17391304347826,story_9/super
1,3,2.14285714285714,story_1/approach_avoid
15,1,2.12765957446809,story_15/approach_avoid
11,2,2.08333333333333,story_3/approach_avoid
7,1,1.92307692307692,story_29/moral
12,1,1.88679245283019,story_18/social
10,1,1.78571428571429,story_21/approach_avoid
7,1,1.78571428571429,story_26/moral
10,1,1.78571428571429,story_26/moral
15,1,1.78571428571429,story_26/moral
3,1,1.78571428571429,story_28/moral
15,11,1.70278637770898,story_cost/old_approach_avoid
7,1,1.69491525423729,story_20/approach_avoid
12,1,1.69491525423729,story_20/approach_avoid
15,1,1.69491525423729,story_20/approach_avoid
13,2,1.68067226890756,story_19/approach_avoid
15,2,1.68067226890756,story_19/approach_avoid
1,2,1.68067226890756,story_5/approach_avoid
7,2,1.66666666666667,story_10/approach_avoid
10,2,1.66666666666667,story_10/approach_avoid
11,2,1.66666666666667,story_10/approach_avoid
11,1,1.66666666666667,story_21/probability
12,1,1.66666666666667,story_21/probability
11,2,1.66666666666667,story_22/approach_avoid
15,1,1.66666666666667,story_6/approach_avoid
7,2,1.65289256198347,story_7/approach_avoid
11,2,1.65289256198347,story_7/approach_avoid
14,1,1.61290322580645,story_19/social
7,1,1.5625,story_13/probability
11,1,1.5625,story_13/probability
13,1,1.5625,story_13/probability
14,1,1.5625,story_17/social
3,1,1.5625,story_2/probability
11,1,1.5625,story_2/probability
13,1,1.5625,story_7/social
15,1,1.5625,story_7/social
1,1,1.5625,story_8/approach_avoid
11,1,1.5625,story_8/approach_avoid
15,1,1.5625,story_8/approach_avoid
11,1,1.49253731343284,story_2/approach_avoid
8,1,1.47058823529412,story_2/social
11,1,1.47058823529412,story_2/social
14,1,1.47058823529412,story_2/social
3,1,1.47058823529412,story_20/probability
7,1,1.47058823529412,story_20/probability
12,1,1.47058823529412,story_20/probability
7,1,1.47058823529412,story_20/social
15,1,1.47058823529412,story_20/social
1,1,1.47058823529412,story_9/probability
12,1,1.38888888888889,story_10/moral
10,1,1.38888888888889,story_3/probability
15,1,1.38888888888889,story_3/social
8,1,1.38888888888889,story_5/social
1,1,1.31578947368421,story_5/super
8,1,1.25,story_24/social
11,1,1.25,story_24/social
14,1,1.25,story_24/social
8,1,1.19047619047619,story_4/super
1,1,1.19047619047619,story_6/super
8,1,1.19047619047619,story_6/super
1,1,1.19047619047619,story_8/super
8,1,1.19047619047619,story_8/super
11,1,1.19047619047619,story_8/super
1,1,1.13636363636364,story_1/super
8,1,1.13636363636364,story_1/super
11,1,1.13636363636364,story_3/super
1,1,1.08695652173913,story_2/super
8,1,1.08695652173913,story_9/super
6,1,1.04166666666667,story_3/approach_avoid
11,6,0.928792569659443,story_cost/old_approach_avoid
10,1,0.840336134453782,story_19/approach_avoid
6,1,0.840336134453782,story_5/approach_avoid
13,1,0.833333333333333,story_10/approach_avoid
1,1,0.833333333333333,story_22/approach_avoid
10,1,0.833333333333333,story_22/approach_avoid
12,1,0.833333333333333,story_22/approach_avoid
13,1,0.833333333333333,story_22/approach_avoid
8,1,0.833333333333333,story_9/approach_avoid
11,1,0.833333333333333,story_9/approach_avoid
10,1,0.826446280991736,story_7/approach_avoid
11,1,0.806451612903226,story_16/approach_avoid
14,1,0.806451612903226,story_16/approach_avoid
11,1,0.694444444444444,story_12/approach_avoid
12,1,0.694444444444444,story_12/approach_avoid
11,1,0.65359477124183,story_24/approach_avoid
